Name ,Gender,Age,Salary(USD),Salary(EGP)
Mark,M,20,1000,47340.0
John ,M,60,1200,56808.00000000001
Edward,M,42,3000,142020.0
Salah,M,31,5000,236700.00000000003
Ahmed,M,42,1700,80478.0
Sara,F,25,1900,89946.0
Julia,F,21,1950,92313.0
